"PolNumber","CSV","GLWBBenBase","q","SCPeriod","DistCode","Surr","ITM","IN","Dur_IN","Dur_OUT"
1,128845.8468,150298.04,40,10,"59",1,1.16649503055616,0,0,0
3,165845.03,177725.75,42,10,"38",1,1.07163747988107,0,0,2
5,35878.02,54220.45,49,10,"1718",1,1.51124421024349,0,0,9
6,21028.58,22341.31,47,10,"32",1,1.06242599357636,0,0,7
7,128365.5483,146698.32,40,10,"227",1,1.14281691577521,0,0,0
8,237188.04,268700.333333333,43,10,"35",1,1.13285785123623,0,0,3
